{"cameraMode":{"drawMode":0,"name":"Shaded","section":"Shading Mode"},"sceneLighting":false,"audioPlay":false,"sceneViewState":{"showFog":true,"showMaterialUpdate":false,"showSkybox":false,"showFlares":true,"showImageEffects":true,"showParticleSystems":true},"in2DMode":false,"pivot":{"x":-0.09236174821853638,"y":1.0,"z":16.799999237060548},"rotation":{"x":-0.14610731601715089,"y":0.785179853439331,"z":-0.2024199664592743,"w":-0.5667320489883423},"size":3.2751564979553224,"orthographic":false}