{"cameraMode":{"drawMode":0,"name":"Shaded","section":"Shading Mode"},"sceneLighting":true,"audioPlay":false,"sceneViewState":{"showFog":true,"showMaterialUpdate":false,"showSkybox":true,"showFlares":true,"showImageEffects":true,"showParticleSystems":true},"in2DMode":false,"pivot":{"x":-10.25,"y":2.5799999237060549,"z":-4.260000228881836},"rotation":{"x":0.12677806615829469,"y":0.676219642162323,"z":-0.11978084594011307,"w":0.7157679200172424},"size":14.289420127868653,"orthographic":false}